,City,Country,Lat,Lng,Max Temp,Humidity,Cloudiness,Wind Speed,Current Description
0,Mersing,MY,2.4312,103.8405,78.51,87,55,3.13,moderate rain
1,Iqaluit,CA,63.7506,-68.5145,-0.31,64,71,11.01,broken clouds
2,Coquimbo,CL,-29.9533,-71.3436,58.95,82,6,2.51,clear sky
3,Moose Factory,CA,51.2585,-80.6094,22.98,70,66,6.76,broken clouds
4,Bluff,NZ,-46.6,168.3333,55.8,73,7,7.34,clear sky
5,Roswell,US,34.0232,-84.3616,72.09,68,99,1.7,overcast clouds
6,Punta Arenas,CL,-53.15,-70.9167,46.11,93,100,3.2,light rain
7,Butaritari,KI,3.0707,172.7902,81.77,74,12,11.81,few clouds
8,Verkhnevilyuysk,RU,63.4453,120.3167,32.11,98,100,7.27,light snow
9,Vaini,TO,-21.2,-175.2,81.32,79,97,13.31,overcast clouds
10,Airai,TL,-8.9266,125.4092,64.13,82,78,1.99,broken clouds
11,Ushuaia,AR,-54.8,-68.3,47.86,81,100,26.46,light rain
12,Hobart,AU,-42.8794,147.3294,57.02,92,75,5.75,broken clouds
13,Warrnambool,AU,-38.3833,142.4833,58.8,83,100,11.25,heavy intensity rain
14,Barrow,US,71.2906,-156.7887,5.02,78,0,8.05,clear sky
15,Nanhai,CN,30.1282,111.7784,52.29,86,99,4.23,overcast clouds
16,Manggar,ID,-2.8833,108.2667,79.81,81,63,1.88,broken clouds
17,Qiyang,CN,26.5911,111.8474,52.21,95,100,1.16,overcast clouds
18,Bethel,US,41.3712,-73.414,46.94,43,77,1.99,broken clouds
19,Khani,GE,41.9563,42.9566,58.57,61,75,9.01,broken clouds
20,Tromso,NO,69.6496,18.957,42.82,81,75,12.66,broken clouds
21,Yellowknife,CA,62.456,-114.3525,19.56,44,98,13.0,overcast clouds
22,Hamilton,US,39.1834,-84.5333,51.89,44,99,7.0,overcast clouds
23,New Norfolk,AU,-42.7826,147.0587,56.66,69,100,3.0,overcast clouds
24,Hobyo,SO,5.3505,48.5268,82.98,77,66,14.05,light rain
25,Saldanha,ZA,-33.0117,17.9442,59.16,85,19,10.56,few clouds
26,Katiola,CI,8.1333,-5.1,74.05,84,93,3.09,light rain
27,Sitia,GR,35.2,26.0986,62.98,84,46,16.22,scattered clouds
28,Qaanaaq,GL,77.484,-69.3632,-16.96,78,1,3.18,clear sky
29,Bayan,CN,46.0833,127.4,42.58,23,4,4.85,clear sky
30,Vung Tau,VN,10.346,107.0843,81.88,77,30,20.76,scattered clouds
31,Nikolskoye,RU,59.7035,30.7861,38.71,76,100,3.78,overcast clouds
32,Avarua,CK,-21.2078,-159.775,82.45,74,100,5.75,overcast clouds
33,Maura,NO,60.25,11.0167,40.05,93,0,0.0,clear sky
34,Provideniya,RU,64.3833,-173.3,32.36,93,100,20.13,snow
35,Mataura,NZ,-46.1927,168.8643,55.47,59,1,2.68,clear sky
36,Te Anau,NZ,-45.4167,167.7167,56.82,66,29,3.02,scattered clouds
37,Busselton,AU,-33.65,115.3333,55.29,75,46,3.09,scattered clouds
38,Rikitea,PF,-23.1203,-134.9692,78.42,66,4,11.36,clear sky
39,Husavik,IS,66.0449,-17.3389,40.59,97,100,1.14,light rain
40,Lata,PT,40.1629,-8.3327,56.91,97,62,0.94,broken clouds
41,Arraial Do Cabo,BR,-22.9661,-42.0278,73.26,78,0,10.36,clear sky
42,Shetpe,KZ,44.1667,52.1167,55.47,56,6,4.29,clear sky
43,Okhotsk,RU,59.3833,143.3,22.68,79,99,6.55,overcast clouds
44,Chuy,UY,-33.6971,-53.4616,62.11,78,100,7.16,overcast clouds
45,Cape Town,ZA,-33.9258,18.4232,62.35,81,51,14.0,broken clouds
46,Heinola,FI,61.2056,26.0381,37.99,96,75,4.74,broken clouds
47,Volga,RU,57.9516,38.3879,25.99,92,11,1.54,few clouds
48,Basco,PH,20.4487,121.9702,76.59,71,94,17.38,overcast clouds
49,Kavaratti,IN,10.5669,72.642,82.74,75,69,5.14,broken clouds
50,Berkak,NO,62.825,10.0118,32.36,69,94,6.53,overcast clouds
51,Khatanga,RU,71.9667,102.5,4.91,96,98,12.19,overcast clouds
52,Upernavik,GL,72.7868,-56.1549,-2.36,85,100,13.62,overcast clouds
53,San Angelo,US,31.4638,-100.437,91.89,7,0,13.8,clear sky
54,Flinders,AU,-34.5833,150.8552,74.05,78,74,7.0,broken clouds
55,Atuona,PF,-9.8,-139.0333,79.74,78,8,16.82,clear sky
56,Saskylakh,RU,71.9167,114.0833,28.09,97,100,12.5,light snow
57,Hermanus,ZA,-34.4187,19.2345,61.81,86,62,10.27,broken clouds
58,Alice Springs,AU,-23.7,133.8833,71.15,32,14,8.05,few clouds
59,Oyama,JP,36.3,139.8,61.59,68,95,2.95,overcast clouds
60,Tanete,ID,-3.9443,119.7848,76.39,95,100,2.42,overcast clouds
61,Okha,RU,53.5739,142.9478,28.11,80,62,4.25,broken clouds
62,Saint-Philippe,RE,-21.3585,55.7679,74.79,88,67,11.81,light rain
63,Mayo,US,38.8876,-76.5119,54.66,39,0,9.22,clear sky
64,Castro,BR,-24.7911,-50.0119,53.02,90,2,4.63,clear sky
65,Narsaq,GL,60.9167,-46.05,34.02,91,92,4.81,overcast clouds
66,Shangzhi,CN,45.2167,127.9667,42.35,28,92,3.33,overcast clouds
67,Saint-Francois,FR,46.4154,3.9054,43.68,73,0,2.3,clear sky
68,Broome,US,42.2506,-75.833,43.14,46,20,12.66,few clouds
69,Tuktoyaktuk,CA,69.4541,-133.0374,15.37,80,100,9.95,overcast clouds
70,Peniche,PT,39.3558,-9.3811,60.3,91,42,21.56,scattered clouds
71,Mwinilunga,ZM,-11.7358,24.4293,61.79,98,97,3.13,overcast clouds
72,Chaman,PK,30.9236,66.4512,74.52,28,100,9.1,overcast clouds
73,Cortez,US,37.3489,-108.5859,66.04,21,0,13.02,clear sky
74,Znamenskoye,RU,57.1281,73.8282,30.7,94,31,3.09,scattered clouds
75,Bambous Virieux,MU,-20.3428,57.7575,75.22,87,35,13.02,light rain
76,Huasahuasi,PE,-11.3167,-75.6167,41.31,89,4,3.65,clear sky
77,Prince Rupert,CA,54.3161,-130.3201,47.88,50,18,5.48,few clouds
78,Broken Hill,AU,-31.95,141.4333,71.1,41,100,0.38,overcast clouds
79,Albany,US,42.6001,-73.9662,44.92,54,65,4.0,broken clouds
80,Banjar,ID,-8.19,114.9675,78.4,89,100,3.0,light rain
81,Dikson,RU,73.5069,80.5464,-8.48,100,92,2.89,overcast clouds
82,Laela,TZ,-8.5667,32.05,58.91,97,15,3.38,few clouds
83,Hithadhoo,MV,-0.6,73.0833,82.53,76,54,6.71,broken clouds
84,Kargasok,RU,59.0556,80.8572,26.1,84,16,7.78,few clouds
85,Lagoa,PT,39.05,-27.9833,57.06,66,58,14.97,broken clouds
86,Port Alfred,ZA,-33.5906,26.891,58.17,93,16,1.99,few clouds
87,Tasiilaq,GL,65.6145,-37.6368,32.92,98,100,10.16,light snow
88,Manuk Mangkaw,PH,4.8,119.85,81.84,78,86,9.01,overcast clouds
89,Bulgan,MN,48.8125,103.5347,38.5,52,12,5.26,few clouds
90,Padang,ID,-0.9492,100.3543,75.25,88,88,3.53,heavy intensity rain
91,Victoria,HK,22.2855,114.1577,72.18,78,100,8.99,overcast clouds
92,Mahebourg,MU,-20.4081,57.7,75.25,87,43,13.47,light rain
93,Marystown,CA,47.1666,-55.1483,42.96,99,100,10.54,overcast clouds
94,Yongan,CN,39.6957,113.6871,42.46,86,100,4.29,moderate rain
95,Mitzic,GA,0.7821,11.549,70.14,97,93,2.84,light rain
96,Victor Harbor,AU,-35.5667,138.6167,61.0,85,100,12.95,light rain
97,Preston,GB,53.7667,-2.7167,53.92,91,100,4.21,overcast clouds
98,Biak,ID,-0.9131,122.8766,77.7,76,81,1.95,broken clouds
99,Jamestown,US,42.097,-79.2353,41.02,41,20,7.0,few clouds
100,Plettenberg Bay,ZA,-34.0527,23.3716,58.71,78,6,3.98,clear sky
101,Hollola,FI,61.05,25.4333,36.39,96,88,4.16,overcast clouds
102,Torbay,CA,47.6666,-52.7314,50.29,92,75,8.05,broken clouds
103,Ceres,US,37.5949,-120.9577,77.79,25,0,0.0,clear sky
104,Phalaborwa,ZA,-23.943,31.1411,61.9,89,100,5.91,light rain
105,Peruibe,BR,-24.32,-46.9983,67.35,77,91,2.17,overcast clouds
106,Cidreira,BR,-30.1811,-50.2056,67.17,71,96,10.85,overcast clouds
107,Mlonggo,ID,-6.5333,110.7,78.44,89,73,4.45,broken clouds
108,Ahuimanu,US,21.4447,-157.8378,80.31,73,75,12.66,light rain
109,Ilulissat,GL,69.2167,-51.1,12.22,73,75,3.44,light shower snow
110,Vysokogornyy,RU,50.1167,139.15,27.75,83,99,3.49,overcast clouds
111,Havelock,US,34.8791,-76.9013,62.58,61,0,16.11,clear sky
112,Bilma,NE,18.6853,12.9164,81.5,11,40,5.59,scattered clouds
113,Nome,US,64.5011,-165.4064,30.27,86,100,20.71,light snow
114,Necochea,AR,-38.5473,-58.7368,61.23,81,82,10.27,broken clouds
115,Bredasdorp,ZA,-34.5322,20.0403,59.74,94,80,4.38,broken clouds
116,Guangzhou,CN,23.1167,113.25,60.75,79,100,6.38,light rain
117,Puerto Salgar,CO,5.463,-74.6544,76.66,95,93,1.34,overcast clouds
118,Roald,NO,62.5833,6.1333,50.32,87,100,4.61,overcast clouds
119,Gat,IL,31.61,34.7642,88.48,15,14,18.16,few clouds
120,Ostrovnoy,RU,68.0531,39.5131,33.22,89,100,10.74,overcast clouds
121,Chokurdakh,RU,70.6333,147.9167,8.28,93,82,4.21,broken clouds
122,San Quintin,MX,30.4833,-115.95,66.16,64,6,21.83,clear sky
123,Sinnamary,GF,5.3833,-52.95,77.54,87,56,10.85,broken clouds
124,Port Hedland,AU,-20.3167,118.5667,82.45,30,22,13.8,few clouds
125,Mareeba,AU,-17.0,145.4333,77.67,80,98,3.13,overcast clouds
126,Vestmannaeyjar,IS,63.4427,-20.2734,42.64,70,23,5.99,few clouds
127,Khvalynsk,RU,52.4906,48.1058,48.22,79,88,5.1,overcast clouds
128,Asfi,MA,32.2994,-9.2372,65.41,73,100,11.74,overcast clouds
129,Jinotega,NI,13.0917,-86.0018,86.04,25,53,8.52,broken clouds
130,Thompson,CA,55.7435,-97.8558,29.62,60,100,2.24,overcast clouds
131,Olafsvik,IS,64.8945,-23.7142,42.04,68,96,10.02,overcast clouds
132,Treinta Y Tres,UY,-33.2333,-54.3833,63.75,65,100,9.42,moderate rain
133,Hilo,US,19.7297,-155.09,78.28,90,100,6.91,light rain
134,Bengkulu,ID,-3.8004,102.2655,76.08,90,96,3.78,moderate rain
135,Valparaiso,CL,-33.0393,-71.6273,56.48,79,100,2.3,mist
136,Cherskiy,RU,68.75,161.3,12.65,85,100,5.12,overcast clouds
137,Hun,LY,29.1268,15.9477,61.72,55,11,7.23,few clouds
138,Penzance,GB,50.1186,-5.5371,49.89,75,3,15.66,clear sky
139,Oksfjord,NO,70.2396,22.3479,42.01,98,100,9.84,light rain
140,Baculin,PH,7.4525,126.5842,79.74,82,97,4.65,overcast clouds
141,Abnub,EG,27.2696,31.1511,86.2,10,64,7.65,broken clouds
142,Esperance,AU,-33.8667,121.9,60.22,67,82,7.11,broken clouds
143,Beyneu,KZ,45.3167,55.2,60.35,40,1,6.04,clear sky
144,Stokmarknes,NO,68.5646,14.9108,42.78,75,100,11.5,overcast clouds
145,Nyurba,RU,63.2842,118.3319,35.51,99,100,9.8,overcast clouds
146,Ribeira Grande,PT,38.5167,-28.7,58.17,70,33,19.17,scattered clouds
147,Kagoro,NG,9.6,8.3833,73.33,80,100,6.13,moderate rain
148,Coihaique,CL,-45.5752,-72.0662,54.21,71,75,4.61,broken clouds
149,Saint-Pierre,RE,-21.3393,55.4781,74.88,86,75,3.44,broken clouds
150,Kapaa,US,22.0752,-159.319,78.78,87,100,24.16,light rain
151,Yaan,NG,7.3833,8.5667,80.35,75,94,8.28,light rain
152,Salalah,OM,17.0151,54.0924,82.49,83,75,3.44,broken clouds
153,Shelburne,CA,44.0787,-80.2041,39.13,51,5,5.5,clear sky
154,Bathsheba,BB,13.2167,-59.5167,79.41,73,40,18.41,scattered clouds
155,Altay,CN,47.8667,88.1167,44.96,34,3,9.26,clear sky
156,Goma,CD,-1.6792,29.2228,63.19,90,89,1.81,light rain
157,Vinica,MK,41.8828,22.5092,40.59,90,100,4.34,overcast clouds
158,Jalu,LY,29.0331,21.5482,63.61,67,98,15.88,overcast clouds
159,Batagay-Alyta,RU,67.8006,130.4114,2.53,95,100,2.08,overcast clouds
160,Puerto Ayora,EC,-0.7393,-90.3518,76.96,90,74,8.86,light rain
161,Atambua,ID,-9.1061,124.8925,75.94,83,93,2.59,overcast clouds
162,Kodinsk,RU,58.6881,99.1844,39.88,84,86,12.48,overcast clouds
163,Chapais,CA,49.7834,-74.8492,24.58,85,100,10.22,overcast clouds
164,Creel,MX,27.75,-107.6333,78.76,6,40,14.65,scattered clouds
165,Buchanan,LR,5.8808,-10.0467,78.98,84,100,7.25,overcast clouds
166,Ketchikan,US,55.3422,-131.6461,50.47,40,20,5.75,few clouds
167,Bentiu,SS,9.2333,29.8333,88.34,36,71,4.88,broken clouds
168,Hofn,IS,64.2539,-15.2082,45.19,85,9,1.3,clear sky
169,Vredendal,ZA,-31.6683,18.5012,68.34,33,0,3.62,clear sky
170,Faya,SA,18.3851,42.4509,64.92,34,52,2.46,broken clouds
171,Qasigiannguit,GL,68.8193,-51.1922,12.45,87,22,5.26,few clouds
172,Bonavista,CA,48.6499,-53.1147,35.73,98,97,17.63,overcast clouds
173,Dingle,PH,10.9995,122.6711,77.92,85,81,8.1,broken clouds
174,Igarka,RU,67.4667,86.5833,1.89,96,81,9.42,broken clouds
175,Aginskoye,RU,51.1,114.53,46.92,59,55,13.69,broken clouds
176,Ixtapa,MX,20.7,-105.2,88.93,28,81,6.38,broken clouds
177,Springfield,US,37.2153,-93.2982,46.53,89,100,14.97,mist
178,Nanakuli,US,21.3906,-158.1547,80.55,64,100,8.05,light intensity drizzle
179,East London,ZA,-33.0153,27.9116,64.49,79,47,7.09,scattered clouds
180,Kalmunai,LK,7.4167,81.8167,78.24,87,65,6.15,broken clouds
181,Vila Do Maio,CV,15.1333,-23.2167,70.45,80,5,14.0,clear sky
182,Mogadishu,SO,2.0371,45.3438,82.45,81,100,12.17,overcast clouds
183,Nata,PA,8.3333,-80.5167,84.07,68,100,3.02,overcast clouds
184,Rincon,US,32.296,-81.2354,73.9,86,100,17.27,light rain
185,Tiksi,RU,71.6872,128.8694,-1.44,99,82,3.4,broken clouds
186,Lebu,CL,-37.6167,-73.65,54.64,85,100,9.08,overcast clouds
187,Jardim,BR,-21.4803,-56.1381,70.12,58,97,3.56,overcast clouds
188,Dunedin,NZ,-45.8742,170.5036,55.49,66,0,1.43,clear sky
189,Kodiak,US,57.79,-152.4072,42.31,70,100,9.22,overcast clouds
190,Kiama,AU,-34.6833,150.8667,74.25,74,72,6.02,light rain
191,Penukonda,IN,14.0833,77.5833,75.43,63,27,1.97,scattered clouds
192,Nkowakowa,ZA,-23.8878,30.2871,61.77,92,100,1.66,overcast clouds
193,Sorong,ID,-0.8833,131.25,82.56,80,49,12.17,scattered clouds
194,Kupang,ID,-10.1667,123.5833,79.29,79,88,2.62,overcast clouds
195,Mnogovershinnyy,RU,53.9353,139.9242,26.58,81,56,3.29,broken clouds
196,Fort Nelson,CA,58.8053,-122.7002,18.99,49,75,2.3,broken clouds
197,Berlevag,NO,70.8578,29.0864,41.0,95,100,18.37,overcast clouds
198,Bandarbeyla,SO,9.4942,50.8122,81.01,82,52,8.32,broken clouds
199,Kahului,US,20.8947,-156.47,84.22,63,40,28.77,scattered clouds
200,Georgetown,MY,5.4112,100.3354,82.33,89,40,0.0,scattered clouds
201,Acapulco,MX,16.8634,-99.8901,84.81,51,18,10.63,few clouds
202,San Patricio,US,28.017,-97.5169,87.19,57,15,16.26,few clouds
203,Pisco,PE,-13.7,-76.2167,68.02,77,0,14.97,clear sky
204,Darhan,MN,49.4867,105.9228,43.97,40,61,9.22,broken clouds
205,Touros,BR,-5.1989,-35.4608,79.88,79,65,7.76,broken clouds
206,Bijie,CN,27.3125,105.2942,41.25,94,100,4.76,overcast clouds
207,Marawi,PH,7.9986,124.2928,71.4,90,87,0.74,overcast clouds
208,Sakhnovshchyna,UA,49.1517,35.872,41.9,86,100,7.9,light rain
209,Cocobeach,GA,1.0002,9.5823,78.12,88,100,3.62,overcast clouds
210,Faanui,PF,-16.4833,-151.75,81.03,72,34,9.28,light rain
211,Dalby,AU,-27.1833,151.2667,67.98,58,0,8.77,clear sky
212,Sakakah,SA,29.9697,40.2064,68.09,14,0,7.02,clear sky
213,Tamboril,DO,19.4854,-70.611,75.88,94,75,5.75,broken clouds
214,Katsuura,JP,35.1333,140.3,62.29,68,87,9.86,overcast clouds
215,Korla,CN,41.7597,86.1469,54.43,16,1,8.16,clear sky
216,San Pietro In Casale,IT,44.6996,11.4022,48.06,59,36,3.87,scattered clouds
217,Ferme-Neuve,CA,46.7001,-75.4493,39.15,46,79,10.51,broken clouds
218,Mount Isa,AU,-20.7333,139.5,80.37,28,1,8.05,clear sky
219,Hovd,MN,48.0056,91.6419,40.66,28,0,8.25,clear sky
220,Mar Del Plata,AR,-38.0023,-57.5575,64.09,90,0,11.99,clear sky
221,Severo-Kurilsk,RU,50.6789,156.125,32.11,77,88,6.31,overcast clouds
222,Nortelandia,BR,-14.4547,-56.8028,74.26,80,51,2.77,broken clouds
223,Puerto Escondido,MX,15.85,-97.0667,86.83,66,0,12.66,clear sky
224,Turukhansk,RU,65.8167,87.9833,0.9,98,98,6.76,overcast clouds
225,Kamenka,RU,51.3223,42.7678,49.66,85,100,7.92,overcast clouds
226,Svetlogorsk,BY,52.6333,29.7333,33.89,97,92,10.27,light snow
227,Namibe,AO,-15.1961,12.1522,74.14,75,20,5.21,few clouds
228,Vasterhaninge,SE,59.1167,18.1,39.96,84,61,6.85,broken clouds
229,Fortuna,US,40.5982,-124.1573,59.94,51,0,10.36,clear sky
230,Cassilandia,BR,-19.1133,-51.7342,64.4,64,0,3.76,clear sky
231,Kruisfontein,ZA,-34.0033,24.7314,58.89,82,25,4.9,scattered clouds
232,Shubarkuduk,KZ,49.1447,56.4872,49.73,63,62,1.74,broken clouds
233,Naze,JP,28.3667,129.4833,64.72,56,50,4.92,scattered clouds
234,Fairbanks,US,64.8378,-147.7164,39.24,25,0,9.22,clear sky
235,Teya,RU,60.3778,92.6267,25.34,89,98,8.68,overcast clouds
236,Monrovia,LR,6.3005,-10.7969,76.77,83,100,6.93,overcast clouds
237,Kulhudhuffushi,MV,6.6221,73.07,83.61,75,100,9.13,overcast clouds
238,Noumea,NC,-22.2763,166.4572,82.38,99,9,4.36,clear sky
239,Esso,RU,55.9333,158.7,24.06,84,100,4.85,overcast clouds
240,Amot,NO,59.5714,7.9877,41.52,84,97,3.42,overcast clouds
241,Bilibino,RU,68.0546,166.4372,20.93,86,99,1.28,overcast clouds
242,Port Macquarie,AU,-31.4333,152.9167,71.89,78,16,4.12,few clouds
243,Luba,GQ,3.4568,8.5547,82.54,81,99,5.93,light rain
244,Denpasar,ID,-8.65,115.2167,82.06,88,20,6.91,few clouds
245,Port Hardy,CA,50.6996,-127.4199,49.01,59,80,17.92,broken clouds
246,Nabire,ID,-3.3667,135.4833,78.71,88,86,1.92,overcast clouds
247,Clyde River,CA,70.4692,-68.5914,-14.57,76,75,3.44,light snow
248,Caravelas,BR,-17.7125,-39.2481,77.79,63,100,11.03,overcast clouds
249,Adela,PH,12.4416,120.9729,79.0,72,38,7.16,scattered clouds
250,Meulaboh,ID,4.1363,96.1285,77.25,89,98,3.02,overcast clouds
251,Karratha,AU,-20.7377,116.8463,81.79,35,21,15.99,few clouds
252,Mount Gambier,AU,-37.8333,140.7667,53.51,100,75,5.75,light rain
253,San Joaquin,US,37.9333,-121.3011,74.34,23,0,5.75,clear sky
254,Klaksvik,FO,62.2266,-6.589,45.52,96,100,10.92,light rain
255,Kawalu,ID,-7.3817,108.2082,72.39,95,98,2.82,overcast clouds
256,Sitka,US,57.0531,-135.33,48.09,49,75,6.91,broken clouds
257,Sioux Lookout,CA,50.1001,-91.917,26.67,80,100,6.91,mist
258,Carnarvon,AU,-24.8667,113.6333,64.47,88,99,11.5,overcast clouds
259,Bardiyah,LY,31.7561,25.0865,60.85,84,0,14.29,clear sky
260,Coahuayana,MX,18.7333,-103.6833,84.15,58,74,6.51,broken clouds
261,Orocue,CO,4.7912,-71.3354,78.19,74,65,5.95,broken clouds
262,Saint George,US,37.1041,-113.5841,83.43,9,0,5.01,clear sky
263,Mizdah,LY,31.4451,12.9801,57.88,51,0,3.49,clear sky
264,San Cristobal,VE,7.7669,-72.225,67.03,96,97,3.22,overcast clouds
265,Pangnirtung,CA,66.1451,-65.7125,-2.74,99,100,6.71,light snow
266,Petropavlovskoye,RU,52.0712,84.107,51.58,51,68,5.28,broken clouds
267,Nizwa,OM,22.9333,57.5333,80.64,30,3,3.51,clear sky
268,Amapa,BR,1.0,-52.0,73.29,97,100,3.8,overcast clouds
269,Nishihara,JP,26.1842,127.7558,69.08,68,75,4.61,broken clouds
270,Borovskoy,KZ,53.8,64.15,40.01,63,100,6.71,overcast clouds
271,Pochutla,MX,15.7432,-96.4661,87.82,48,64,9.48,broken clouds
272,Lensk,RU,60.7253,114.9278,38.8,99,100,11.05,light rain
273,Wageningen,NL,51.9667,5.6667,50.95,52,3,6.91,clear sky
274,Andenes,NO,69.3143,16.1194,40.98,87,100,16.11,overcast clouds
275,Hajduszovat,HU,47.3833,21.4833,41.18,56,0,11.5,clear sky
276,Magadan,RU,59.5667,150.8,27.54,69,100,2.37,overcast clouds
277,Miyako,JP,39.6367,141.9525,53.44,56,43,2.84,scattered clouds
278,Gabu,GW,12.2833,-14.2167,79.25,51,51,11.07,broken clouds
279,Borujerd,IR,33.8973,48.7516,46.96,43,0,5.75,clear sky
280,Porosozero,RU,62.7191,32.727,34.93,97,100,3.02,overcast clouds
281,Obo,CF,5.3998,26.4869,72.1,68,38,2.73,scattered clouds
282,Ewa Beach,US,21.3156,-158.0072,80.55,62,75,12.66,light intensity drizzle
283,Kitimat,CA,54.0524,-128.6534,52.3,36,14,1.19,few clouds
284,Sarakhs,IR,36.5449,61.1577,53.53,81,100,18.59,overcast clouds
285,Guerrero Negro,MX,27.9769,-114.0611,67.19,61,91,19.95,overcast clouds
286,Sambava,MG,-14.2667,50.1667,74.7,88,81,8.99,broken clouds
287,Longyearbyen,SJ,78.2186,15.6401,21.04,86,75,11.5,light snow
288,Tuatapere,NZ,-46.1333,167.6833,56.41,66,10,3.91,clear sky
289,Ulladulla,AU,-35.35,150.4667,68.23,55,95,5.57,overcast clouds
290,Garowe,SO,8.4054,48.4845,79.52,74,64,10.4,broken clouds
291,Samarai,PG,-10.6167,150.6667,82.22,78,100,10.96,moderate rain
292,Jurm,AF,36.8648,70.8342,59.72,39,31,4.14,scattered clouds
293,Khandyga,RU,62.6667,135.6,21.38,87,100,5.14,overcast clouds
294,Kalabo,ZM,-14.97,22.6814,66.27,91,75,4.12,broken clouds
295,Asmar,AF,35.0333,71.3581,69.33,35,56,9.93,broken clouds
296,Ilam,NP,26.9167,87.9167,64.26,56,0,4.43,clear sky
297,Isangel,VU,-19.55,169.2667,82.06,74,100,1.61,overcast clouds
298,Penzberg,DE,47.75,11.3833,37.2,86,3,2.64,clear sky
299,Constitucion,CL,-35.3333,-72.4167,52.03,94,46,5.12,scattered clouds
300,Pemba,MZ,-12.974,40.5178,77.45,87,10,14.03,clear sky
301,Suez,EG,29.9737,32.5263,76.87,34,82,14.74,broken clouds
302,Dharmavaram,IN,14.4333,77.7167,79.95,56,45,3.53,scattered clouds
303,Thinadhoo,MV,0.5333,72.9333,83.01,73,91,9.71,overcast clouds
304,Hokitika,NZ,-42.7167,170.9667,61.05,57,0,1.57,clear sky
305,Petropavlovsk-Kamchatskiy,RU,53.0452,158.6483,32.59,51,0,6.71,clear sky
306,Haileybury,CA,47.449,-79.6373,36.79,58,94,6.02,overcast clouds
307,Spring Valley,US,36.108,-115.245,88.88,13,0,11.5,clear sky
308,Sun Valley,US,39.5963,-119.776,69.24,13,20,16.11,few clouds
309,Asau,RO,46.4333,26.4,34.72,83,46,5.01,scattered clouds
310,Wanaka,NZ,-44.7,169.15,52.11,68,0,3.6,clear sky
311,Karlshamn,SE,56.1706,14.8619,40.91,76,13,4.65,few clouds
312,Beipiao,CN,41.7919,120.7792,51.55,41,1,10.0,clear sky
313,Orahovac,XK,42.3994,20.6547,39.06,98,100,6.29,overcast clouds
314,Kavieng,PG,-2.5744,150.7967,85.24,66,83,13.82,broken clouds
315,Batan,CR,10.0844,-83.341,82.22,80,100,2.33,overcast clouds
316,Boyolangu,ID,-8.1181,111.8935,76.01,92,95,4.56,overcast clouds
317,Tazovskiy,RU,67.4667,78.7,7.54,96,93,10.11,overcast clouds
318,Neuquen,AR,-38.9516,-68.0591,62.49,72,0,0.0,clear sky
319,Keti Bandar,PK,24.1447,67.4497,79.63,88,29,12.12,scattered clouds
320,Ancud,CL,-41.8697,-73.8203,55.22,86,100,4.74,overcast clouds
321,Geraldton,AU,-28.7667,114.6,52.21,76,0,12.66,clear sky
322,Zambezi,ZM,-13.5432,23.1047,64.72,95,100,4.54,overcast clouds
323,Opuwo,NA,-18.0607,13.84,71.74,39,53,2.98,broken clouds
324,Andros Town,BS,24.7,-77.7667,76.96,72,4,14.34,clear sky
325,Hukuntsi,BW,-24.0,21.75,63.41,84,19,7.83,light rain
326,Zhangye,CN,38.9342,100.4517,42.33,32,3,6.93,clear sky
327,Mariel,CU,22.9875,-82.7536,80.74,69,43,16.98,light rain
328,Vao,NC,-22.6667,167.4833,76.91,71,40,3.33,scattered clouds
329,Bonfim,BR,3.0833,-59.95,87.66,46,83,10.07,broken clouds
330,Teluk Nibung,ID,3.001,99.8164,76.75,94,96,4.29,overcast clouds
331,Lasa,IT,46.6166,10.7002,41.36,77,11,2.77,few clouds
332,Baruun-Urt,MN,46.6806,113.2792,41.41,40,21,9.33,few clouds
333,Marquette,US,46.5333,-87.6335,35.04,72,90,8.08,overcast clouds
334,Salinopolis,BR,-0.6136,-47.3561,78.15,87,100,7.14,moderate rain
335,Hami,CN,42.8,93.45,51.62,21,0,5.86,clear sky
336,Cabo San Lucas,MX,22.8909,-109.9124,90.61,32,20,14.97,few clouds
337,Port Blair,IN,11.6667,92.75,80.62,76,83,2.66,broken clouds
338,Taoudenni,ML,22.6783,-3.9836,77.9,22,1,9.69,clear sky
339,Souillac,MU,-20.5167,57.5167,77.31,89,81,12.88,broken clouds
340,Asuncion,PY,-25.3007,-57.6359,67.44,73,0,8.05,clear sky
341,Siuna,NI,13.7332,-84.7773,90.72,28,10,7.54,clear sky
342,Palmer,US,42.1584,-72.3287,45.01,43,40,9.22,scattered clouds
343,Kushima,JP,31.4583,131.2333,62.6,64,100,2.59,overcast clouds
344,Jam Sahib,PK,26.2958,68.6292,82.42,59,50,11.18,scattered clouds
345,Nanortalik,GL,60.1432,-45.2371,29.39,89,51,9.71,broken clouds
346,Lavrentiya,RU,65.5833,-171.0,30.58,98,100,14.23,light snow
347,Kaitangata,NZ,-46.2817,169.8464,54.46,61,2,1.88,clear sky
348,Petropavlovka,RU,50.6114,105.3196,42.82,51,84,4.54,broken clouds
349,Etchojoa,MX,26.9167,-109.6333,94.89,15,95,20.74,overcast clouds
350,Maniitsoq,GL,65.4167,-52.9,24.19,83,100,3.47,overcast clouds
351,Pinega,RU,64.7001,43.3936,33.12,98,100,5.84,overcast clouds
352,Deniliquin,AU,-35.5333,144.9667,68.63,42,100,7.14,light rain
353,Buraydah,SA,26.326,43.975,69.66,17,0,9.75,clear sky
354,Ponta Do Sol,PT,32.6667,-17.1,68.63,50,98,12.03,overcast clouds
355,Norman Wells,CA,65.282,-126.8329,21.43,69,75,5.82,broken clouds
356,Middelburg,ZA,-25.7751,29.4648,54.27,96,100,2.77,light rain
357,Havoysund,NO,70.9963,24.6622,43.03,97,100,15.59,overcast clouds
358,Rundu,NA,-17.9333,19.7667,64.89,91,39,1.99,light rain
359,Itarema,BR,-2.9248,-39.9167,77.92,86,88,6.91,overcast clouds
360,Saint Cloud,US,45.5608,-94.1625,35.92,87,100,8.05,mist
361,Ginir,ET,7.1333,40.7,59.9,74,97,4.72,overcast clouds
362,Luderitz,NA,-26.6481,15.1594,67.44,50,0,12.1,clear sky
363,Hurricane,US,37.1753,-113.2899,86.34,11,0,5.77,clear sky
364,Qui Nhon,VN,13.7667,109.2333,73.87,89,86,6.31,overcast clouds
365,Shemordan,RU,56.1856,50.3972,31.89,98,100,9.48,light snow
366,Dakar,SN,14.6937,-17.4441,67.08,89,54,21.23,broken clouds
367,Itaituba,BR,-4.2761,-55.9836,75.18,98,100,1.03,overcast clouds
368,Camacha,PT,33.0833,-16.3333,60.22,72,40,6.91,scattered clouds
369,Mao,ES,39.8885,4.2658,52.36,76,0,2.3,clear sky
370,Tiznit,MA,29.5833,-9.5,73.42,23,100,1.1,overcast clouds
371,Manjacaze,MZ,-24.7117,33.8828,68.65,96,100,9.51,light rain
372,Pitsunda,GE,43.1592,40.3378,59.18,54,100,13.13,overcast clouds
373,Beloha,MG,-25.1667,45.05,72.95,89,82,10.0,broken clouds
374,Ambon,ID,-3.6954,128.1814,82.0,75,67,4.5,broken clouds
375,Stephenville,US,32.2207,-98.2023,84.33,28,0,5.75,clear sky
376,Zhigansk,RU,66.7697,123.3711,28.02,79,100,29.62,overcast clouds
377,Luanda,AO,-8.8368,13.2343,78.8,89,75,8.05,broken clouds
378,Vila Franca Do Campo,PT,37.7167,-25.4333,59.41,77,68,10.85,broken clouds
379,Pontianak,ID,-0.0333,109.3333,76.98,94,75,3.44,moderate rain
380,Roma,US,43.2128,-75.4557,43.83,47,0,14.0,clear sky
381,Scalea,IT,39.813,15.7956,50.88,68,100,7.99,overcast clouds
382,Pevek,RU,69.7008,170.3133,7.99,87,29,0.96,scattered clouds
383,Parati,BR,-23.2178,-44.7131,66.87,93,88,2.28,overcast clouds
384,Acarau,BR,-2.8856,-40.12,78.49,85,83,7.34,broken clouds
385,Camacupa,AO,-12.0167,17.4833,60.96,97,100,3.27,light rain
386,Port Lincoln,AU,-34.7333,135.8667,61.68,67,100,11.16,light rain
387,Talnakh,RU,69.4865,88.3972,4.21,97,100,4.88,light snow
388,Khadro,PK,26.1472,68.7176,82.44,63,32,12.77,scattered clouds
389,Manzhouli,CN,49.6,117.4333,43.21,54,99,13.09,overcast clouds
390,Langxiang,CN,46.95,128.8833,39.94,43,1,2.71,clear sky
391,Rio Gallegos,AR,-51.6226,-69.2181,50.05,81,100,25.32,light rain
392,Kamenskiy,RU,50.8855,45.488,52.81,67,100,6.55,overcast clouds
393,Marsala,IT,37.7966,12.4352,55.89,73,98,17.96,overcast clouds
394,Aswan,EG,24.0934,32.907,85.32,13,7,6.64,clear sky
395,Tilichiki,RU,60.4667,166.1,22.32,82,42,6.08,scattered clouds
396,Kenai,US,60.5544,-151.2583,46.02,52,100,3.44,overcast clouds
397,Porto-Vecchio,FR,41.591,9.2795,49.53,87,0,3.44,clear sky
398,Balkanabat,TM,39.5108,54.3671,53.38,86,76,1.59,broken clouds
399,Ribas Do Rio Pardo,BR,-20.4431,-53.7592,66.6,60,0,6.06,clear sky
400,Cayenne,GF,4.9333,-52.3333,81.09,1,84,4.61,broken clouds
401,Deputatskiy,RU,69.3,139.9,4.91,96,99,3.29,overcast clouds
402,Cicevac,RS,43.7188,21.4408,38.8,88,100,3.89,overcast clouds
403,Yarim,YE,14.298,44.3779,59.54,47,76,2.82,broken clouds
404,Portland,US,45.5234,-122.6762,60.62,45,100,8.05,overcast clouds
405,Klerksdorp,ZA,-26.8521,26.6667,57.24,83,100,5.01,light rain
406,Katobu,ID,-4.9408,122.5276,77.04,92,100,2.3,overcast clouds
407,Macamic,CA,48.7502,-78.9996,32.16,66,100,6.76,overcast clouds
408,Katherine,AU,-14.4667,132.2667,77.32,73,12,0.0,few clouds
409,Mandalgovi,MN,45.7625,106.2708,37.67,42,2,8.68,clear sky
410,Dauphin,CA,51.1494,-100.0502,26.74,74,100,3.44,overcast clouds
411,Tura,IN,25.5198,90.2201,67.3,84,0,5.37,clear sky
412,Kjollefjord,NO,70.9457,27.3465,42.85,87,75,19.57,broken clouds
413,Yulara,AU,-25.2406,130.9889,67.01,37,3,7.47,clear sky
414,Teruel,ES,40.6667,-0.6667,48.76,73,100,1.5,overcast clouds
415,Hudson Bay,CA,52.85,-102.3842,30.18,87,100,1.79,snow
416,Port Elizabeth,ZA,-33.918,25.5701,62.89,97,75,10.36,heavy intensity rain
417,Alamosa,US,37.4695,-105.87,66.18,11,0,17.27,clear sky
418,Gazli,UZ,40.1333,63.45,68.47,38,100,17.45,overcast clouds
419,Visby,SE,57.6409,18.296,32.22,74,23,2.3,few clouds
420,Aklavik,CA,68.2191,-135.0107,20.05,76,100,14.52,overcast clouds
421,Banda Aceh,ID,5.5577,95.3222,78.37,81,87,4.54,overcast clouds
422,Nantucket,US,41.2835,-70.0995,46.51,59,75,17.27,broken clouds
423,Belmonte,BR,-15.8631,-38.8828,76.21,82,100,15.88,overcast clouds
424,Yima,CN,34.7381,111.8839,51.19,55,74,11.3,broken clouds
425,Chanthaburi,TH,12.8333,102.1667,70.14,92,100,2.3,overcast clouds
426,Lucea,JM,18.451,-78.1736,76.86,72,10,5.3,clear sky
427,Kadoma,JP,34.7333,135.5833,63.18,56,100,5.88,overcast clouds
428,Koboko,UG,3.4136,30.9599,68.0,63,57,3.09,broken clouds
429,Codrington,AU,-38.2667,141.9667,59.41,79,100,10.0,moderate rain
430,Aquiraz,BR,-3.9014,-38.3911,82.18,86,75,5.37,broken clouds
431,Kano,NG,12.0001,8.5167,80.71,59,100,15.5,overcast clouds
432,Tucupita,VE,9.0622,-62.051,80.47,61,93,7.72,overcast clouds
433,Miquelon,PM,47.0975,-56.3814,38.55,99,100,19.93,overcast clouds
434,Avera,US,33.194,-82.5271,77.05,68,100,5.73,overcast clouds
435,Copiapo,CL,-27.3667,-70.3333,56.89,61,0,2.71,clear sky
436,El Campo,US,29.1966,-96.2697,84.49,61,0,9.22,clear sky
437,Chornobayivka,UA,46.6941,32.5537,41.29,89,100,13.49,light rain
438,Saldus,LV,56.6636,22.4881,32.4,70,74,4.68,broken clouds
439,Swansea,GB,51.6208,-3.9432,51.19,90,49,3.0,scattered clouds
440,Balabac,PH,7.9868,117.0645,82.04,77,94,11.83,overcast clouds
441,Bollnas,SE,61.3482,16.3946,44.96,81,100,2.26,overcast clouds
442,Bintulu,MY,3.1667,113.0333,76.96,88,98,5.1,overcast clouds
443,Lakes Entrance,AU,-37.8811,147.981,62.17,77,100,5.53,light rain
444,Nouadhibou,MR,20.931,-17.0347,64.9,91,100,11.95,overcast clouds
445,Areado,BR,-21.3586,-46.1456,60.17,83,8,3.24,clear sky
446,Ibra,OM,22.6906,58.5334,77.56,48,1,1.28,clear sky
447,Yekepa,LR,7.5753,-8.5419,70.34,93,100,1.39,overcast clouds
448,Fatsa,TR,41.0278,37.5014,53.4,53,100,8.9,overcast clouds
449,Diplo,PK,24.4667,69.584,76.75,91,17,11.25,few clouds
450,Myanaung,MM,18.2833,95.3167,81.12,71,42,2.21,scattered clouds
451,Nago,JP,26.5881,127.9761,68.43,66,31,1.81,scattered clouds
452,Manyana,BW,-23.4,21.7167,64.94,79,44,8.25,scattered clouds
453,Teahupoo,PF,-17.8333,-149.2667,80.56,73,24,13.44,few clouds
454,Pitimbu,BR,-7.4706,-34.8086,80.17,79,64,8.61,broken clouds
455,Yazman,PK,29.1212,71.7446,88.68,21,79,13.06,broken clouds
456,Haapiti,PF,-17.5667,-149.8667,85.73,70,5,11.18,light rain
457,Lazaro Cardenas,MX,17.9583,-102.2,80.56,55,100,6.69,overcast clouds
458,Ypsilanti,US,42.2412,-83.613,45.0,48,0,14.97,clear sky
459,Mangaluru,IN,12.8667,74.8833,76.06,78,40,5.75,scattered clouds
460,Nawa,IN,27.0167,75.0,83.57,27,48,17.87,scattered clouds
461,Skagen,DK,57.7209,10.5839,44.1,75,8,7.83,clear sky
462,Grand Forks,US,47.9417,-97.4337,31.93,93,100,16.11,snow
463,Haines Junction,CA,60.7522,-137.5108,31.41,48,87,3.27,overcast clouds
464,Odweyne,SO,9.4092,45.064,73.04,62,84,6.17,broken clouds
465,Moindou,NC,-21.6924,165.677,78.55,64,76,2.28,broken clouds
466,Nemuro,JP,43.3236,145.575,41.65,81,52,9.24,broken clouds
467,Currais Novos,BR,-6.2608,-36.5178,73.72,91,95,11.36,light rain
468,Tabou,CI,4.423,-7.3528,76.95,84,100,1.28,overcast clouds
469,Omboue,GA,-1.5746,9.2618,78.42,91,100,4.83,overcast clouds
470,Lompoc,US,34.6391,-120.4579,75.69,66,0,21.99,clear sky
471,Barmer,IN,25.75,71.3833,77.59,56,12,8.61,few clouds
472,Arlit,NE,18.7369,7.3853,76.44,13,89,6.93,overcast clouds
473,Doba,TD,8.65,16.85,87.06,41,56,7.47,broken clouds
474,Kolosovka,RU,56.4678,73.611,32.18,87,26,5.37,scattered clouds
475,Sorland,NO,67.667,12.6934,42.89,83,100,17.22,overcast clouds
476,Maningrida,AU,-12.0667,134.2667,77.09,81,100,9.26,overcast clouds
477,Derzhavinsk,KZ,51.1,66.3167,50.43,64,100,9.69,overcast clouds
478,Ler,SS,8.3018,30.1418,83.1,46,9,4.18,clear sky
479,Kardla,EE,58.9978,22.7492,36.39,68,58,4.81,broken clouds
480,Anloga,GH,5.7947,0.8973,82.83,80,95,14.27,light rain
481,Yangambi,CD,0.8102,24.4336,73.8,78,35,2.37,scattered clouds
482,Iracoubo,GF,5.4802,-53.2011,77.43,86,33,11.07,scattered clouds
483,Danville,US,36.586,-79.395,65.88,54,75,10.36,broken clouds
484,Yenagoa,NG,4.9247,6.2642,77.85,91,85,4.79,light rain
485,Puerto Leguizamo,CO,-0.1934,-74.7819,74.75,95,99,1.07,overcast clouds
486,Aykhal,RU,66.0,111.5,27.77,95,99,17.16,light snow
487,Sri Aman,MY,1.2376,111.4621,73.74,99,95,0.4,overcast clouds
488,Looc,PH,12.2605,121.9926,80.19,78,84,7.16,broken clouds
489,Dinguiraye,GN,11.3,-10.7167,89.26,32,65,9.4,broken clouds
490,Imeni Poliny Osipenko,RU,52.4201,136.4853,27.72,90,96,1.36,overcast clouds
491,College,US,64.8569,-147.8028,39.22,25,0,9.22,clear sky
492,Tambacounda,SN,13.7539,-13.7586,93.4,15,2,5.35,clear sky
493,Cananeia,BR,-25.0147,-47.9267,66.74,81,56,3.47,broken clouds
494,Adrar,MR,20.5022,-10.0711,78.73,13,49,12.1,scattered clouds
495,Yingcheng,CN,30.95,113.55,53.4,82,100,6.78,overcast clouds
496,Nizhnevartovsk,RU,60.9344,76.5531,24.82,74,100,2.24,overcast clouds
497,Hasaki,JP,35.7333,140.8333,61.2,65,74,9.55,broken clouds
498,Lincoln,US,40.8,-96.667,50.0,63,40,8.05,scattered clouds
499,Kirakira,SB,-10.4544,161.9205,84.51,69,89,8.39,overcast clouds
500,Pacifica,US,37.6138,-122.4869,67.6,65,20,23.02,few clouds
501,Crotone,IT,39.0851,17.1178,52.2,76,100,29.82,overcast clouds
502,Mogzon,RU,51.7435,111.9606,38.34,76,42,4.63,scattered clouds
503,Maraa,BR,-1.8333,-65.3667,75.16,97,78,2.95,broken clouds
504,Cuamba,MZ,-14.8031,36.5372,66.97,97,6,3.31,clear sky
505,Trofors,NO,65.5333,13.4063,30.18,88,92,4.83,overcast clouds
506,Leningradskiy,RU,69.3833,178.4167,15.1,88,80,3.76,broken clouds
507,Kapoeta,SS,4.7717,33.5903,81.28,53,100,3.38,overcast clouds
508,Sebastian,US,35.1668,-94.2669,53.91,96,100,3.69,overcast clouds
509,Arman,RU,59.7,150.1667,30.02,73,100,2.53,overcast clouds
510,Micheweni,TZ,-4.9667,39.8333,79.72,85,94,10.87,light rain
511,Yumen,CN,40.2833,97.2,39.88,29,0,6.29,clear sky
512,Cao Bang,VN,22.6667,106.25,60.76,97,100,1.7,overcast clouds
513,Skibbereen,IE,51.55,-9.2667,45.1,76,24,7.94,few clouds
514,Gushikawa,JP,26.3544,127.8686,69.03,77,100,4.61,overcast clouds
515,Arroyo Grande,US,35.1186,-120.5907,81.25,57,0,21.85,clear sky
516,Sao Filipe,CV,14.8961,-24.4956,71.98,77,2,8.68,clear sky
517,Redcliffe,AU,-27.2307,153.0973,73.27,83,75,10.36,broken clouds
518,Millinocket,US,45.6573,-68.7098,42.91,45,100,8.05,overcast clouds
519,Fenelon Falls,CA,44.5334,-78.7496,43.81,51,99,11.77,overcast clouds
520,Sulangan,PH,11.1373,123.7228,81.63,74,89,10.89,overcast clouds
521,Beringovskiy,RU,63.05,179.3167,31.03,98,100,9.4,light snow
522,Boguchany,RU,58.3814,97.4531,39.67,80,100,9.84,overcast clouds
523,Vagur,FO,61.4732,-6.8119,46.09,97,100,15.43,light rain
524,Sangar,RU,63.9242,127.4739,23.5,84,100,19.39,overcast clouds
525,Diamantino,BR,-14.4086,-56.4461,74.23,80,93,3.67,overcast clouds
526,Muros,ES,42.7762,-9.0603,57.83,79,24,12.3,few clouds
527,Ganganagar,IN,29.9167,73.8833,81.32,13,5,7.29,clear sky
528,Oktyabrskiy,RU,54.4815,53.471,42.24,85,97,5.5,overcast clouds
529,Balykshi,KZ,47.0667,51.8667,46.4,81,0,4.47,clear sky
530,Concepcion Del Oro,MX,24.6333,-101.4167,84.36,8,24,13.56,few clouds
531,Caibarien,CU,22.5206,-79.4669,81.72,69,3,9.66,clear sky
532,Nioro,GM,13.35,-15.75,79.74,43,3,10.74,clear sky
533,Pimenta Bueno,BR,-11.6725,-61.1936,74.71,85,94,3.47,overcast clouds
534,Cap Malheureux,MU,-19.9842,57.6142,75.47,91,30,3.0,scattered clouds
535,Inirida,CO,3.8653,-67.9239,75.2,95,96,3.56,overcast clouds
536,Saint-Augustin,CA,51.226,-58.6502,37.2,98,100,18.68,overcast clouds
537,Winnemucca,US,40.973,-117.7357,66.25,11,0,12.66,clear sky
538,Carballo,ES,43.213,-8.691,56.75,94,96,7.18,overcast clouds
539,Umm Lajj,SA,25.0213,37.2685,83.84,31,100,10.45,overcast clouds
540,Shimoda,JP,34.6667,138.95,55.11,80,100,8.46,overcast clouds
541,Santa Rosa,PH,14.3122,121.1114,82.38,74,29,11.5,scattered clouds
542,Xiongyue,CN,40.1774,122.1228,50.45,65,86,6.44,overcast clouds
543,Dolores Hidalgo,MX,21.1561,-100.9308,90.86,7,65,9.62,broken clouds
544,Abu Zabad,SD,12.35,29.25,86.0,24,8,5.28,clear sky
545,Kalkar,DE,51.7333,6.3,50.02,51,0,3.44,clear sky
546,Point Pleasant,US,40.0832,-74.0682,50.95,33,20,16.11,few clouds
547,Vostok,RU,46.4856,135.8833,34.97,59,20,7.25,few clouds
548,Tual,ID,-5.6667,132.75,84.54,73,100,11.5,overcast clouds
549,Kompaniyivka,UA,48.2511,32.208,37.09,78,100,9.17,overcast clouds
550,Zyryanka,RU,65.75,150.85,15.06,92,100,5.73,overcast clouds
551,Gumdag,TM,39.2061,54.5906,53.64,84,85,3.04,overcast clouds
552,Kalemie,CD,-5.9475,29.1947,70.34,87,8,0.43,clear sky
553,Asyut,EG,27.181,31.1837,86.14,10,66,8.01,broken clouds
554,Krasnoselkup,RU,65.7,82.4667,10.33,95,87,11.36,overcast clouds
555,Lar,IN,26.2039,83.9717,82.18,11,0,3.22,clear sky
556,Popova,RU,42.9603,131.7228,41.5,58,46,7.4,scattered clouds
557,San Andres,CO,12.5847,-81.7006,80.26,77,26,10.63,scattered clouds
558,Nalut,LY,30.3333,10.85,61.05,33,0,6.93,clear sky
559,Mirnyy,RU,62.5353,113.9611,39.24,60,96,11.01,overcast clouds
560,Karasburg,NA,-28.0167,18.75,67.06,35,0,9.33,clear sky
561,El Terrero,HN,14.0667,-87.0667,83.25,48,75,6.91,broken clouds
562,Shu,KZ,43.5983,73.7614,58.06,44,31,6.96,scattered clouds
563,Talaya,RU,61.3833,152.75,11.1,87,100,0.74,overcast clouds
564,Muroto,JP,33.2833,134.15,61.45,55,100,4.59,overcast clouds
565,Yatou,CN,37.15,122.3833,53.92,51,100,6.17,overcast clouds
566,Moussoro,TD,13.6408,16.4901,91.67,22,45,9.48,scattered clouds
567,Sur,OM,22.5667,59.5289,85.17,52,3,10.6,clear sky
568,Marsabit,KE,2.3284,37.9899,67.15,77,100,12.55,overcast clouds
569,Road Town,VG,18.4167,-64.6167,78.89,83,40,12.66,scattered clouds
570,Whitehorse,CA,60.7161,-135.0538,32.02,50,100,4.61,overcast clouds
571,Lafia,NG,8.4833,8.5167,79.27,78,99,4.05,moderate rain
572,Berasia,IN,23.6333,77.4333,84.29,17,2,12.1,clear sky
573,Srednekolymsk,RU,67.45,153.6833,16.41,86,99,6.35,overcast clouds
574,Pustoshka,RU,56.3355,29.369,30.87,86,28,4.9,scattered clouds
575,Soanierana Ivongo,MG,-16.9167,49.5833,73.72,92,32,4.29,light rain
576,Lillehammer,NO,61.1146,10.4674,36.48,89,100,3.51,overcast clouds
577,Sidi Ali,DZ,36.0998,0.4206,59.25,67,29,2.57,scattered clouds
578,Zhangjiakou,CN,40.81,114.8794,47.61,58,24,4.0,few clouds
579,Brae,GB,60.3964,-1.353,46.56,76,96,18.3,overcast clouds
580,Oranjemund,NA,-28.55,16.4333,59.09,76,0,7.38,clear sky
581,Puerto Madryn,AR,-42.7692,-65.0385,60.44,77,0,19.73,clear sky
582,Yinchuan,CN,38.4681,106.2731,45.25,38,0,2.19,clear sky
583,Presidencia Roque Saenz Pena,AR,-26.7852,-60.4388,61.97,75,1,5.55,clear sky
584,Ust-Nera,RU,64.5667,143.2,15.15,92,95,2.98,overcast clouds
585,Calama,CL,-22.4667,-68.9333,61.29,11,0,13.8,clear sky
586,Garoua,CM,9.3,13.4,89.56,44,75,6.62,broken clouds
587,Grindavik,IS,63.8424,-22.4338,41.47,70,75,8.05,broken clouds
588,Spearfish,US,44.4908,-103.8594,40.87,42,70,24.16,broken clouds
589,Gweta,BW,-20.1833,25.2333,68.56,78,34,14.29,scattered clouds
590,Mirabad,AF,30.4362,61.8383,69.31,47,24,18.03,few clouds
591,Ambilobe,MG,-13.2,49.05,71.87,90,50,3.18,scattered clouds
592,Dubbo,AU,-32.25,148.6167,64.53,72,74,5.75,broken clouds
593,Urengoy,RU,65.9667,78.3667,11.77,94,100,10.02,overcast clouds
594,Yamada,JP,39.4667,141.95,54.1,58,48,4.52,scattered clouds
595,Kushiro,JP,42.975,144.3747,44.65,79,72,7.29,broken clouds
596,Oistins,BB,13.0667,-59.5333,78.89,73,40,18.41,scattered clouds
597,Sungaipenuh,ID,-2.0833,101.3833,66.52,97,100,1.86,overcast clouds
598,Ban Nahin,LA,18.2418,104.2122,70.34,95,86,3.67,overcast clouds
599,Piranhas,BR,-16.4269,-51.8222,69.93,55,100,5.39,overcast clouds
600,Kutum,SD,14.2,24.6667,77.22,17,7,1.81,clear sky
601,Formosa Do Rio Preto,BR,-11.0483,-45.1931,71.91,96,90,3.4,overcast clouds
602,Sao Joao Da Barra,BR,-21.6403,-41.0511,70.61,74,2,10.36,clear sky
603,Oranjestad,AW,12.524,-70.027,80.55,74,20,25.32,few clouds
604,Sola,VU,-13.8833,167.55,82.06,72,68,5.12,broken clouds
605,Cockburn Town,TC,21.4612,-71.1419,78.76,78,75,9.22,broken clouds
606,Ube,JP,33.9431,131.2511,55.38,61,75,4.61,broken clouds
607,Kachiry,KZ,53.0675,76.1036,49.89,60,100,10.98,overcast clouds
608,Awbari,LY,26.5921,12.7805,64.58,33,49,6.71,scattered clouds
609,Rawson,AR,-43.3002,-65.1023,60.67,74,1,24.49,clear sky
610,Pundaguitan,PH,6.3711,126.1689,80.91,76,100,5.08,overcast clouds
611,Rosarito,MX,32.3333,-117.0333,75.63,61,1,14.27,clear sky
612,Yanam,IN,16.7333,82.2167,76.68,76,66,3.49,broken clouds
613,Slave Lake,CA,55.2834,-114.769,37.38,52,75,4.61,broken clouds
614,Bahia Blanca,AR,-38.7196,-62.2724,62.74,61,28,6.04,scattered clouds
615,Bubaque,GW,11.2833,-15.8333,75.2,76,38,20.51,scattered clouds
616,Abha,SA,18.2164,42.5053,64.65,37,20,0.0,few clouds
617,Tessalit,ML,20.1986,1.0114,74.37,22,0,10.33,clear sky
618,Saint Anthony,US,45.0205,-93.218,37.87,90,100,8.05,snow
619,Fayaoue,NC,-20.65,166.5333,78.69,70,100,2.95,overcast clouds
620,Uberaba,BR,-19.7483,-47.9319,69.3,64,65,4.32,broken clouds
621,Kapit,MY,2.0167,112.9333,73.74,100,94,1.19,overcast clouds
622,Mamlyutka,KZ,54.9375,68.5394,38.21,65,80,5.68,broken clouds
623,Strezhevoy,RU,60.7333,77.5889,13.64,98,52,3.98,broken clouds
624,Port Moresby,PG,-9.4431,147.1797,85.42,70,20,8.05,haze
625,Prince Albert,CA,53.2001,-105.7677,35.55,41,75,6.91,broken clouds
626,Corozal,CO,9.3151,-75.2928,80.55,79,99,8.25,overcast clouds
627,Morondava,MG,-20.2833,44.2833,81.12,82,1,7.18,clear sky
628,Shenjiamen,CN,29.9576,122.298,56.12,68,100,1.41,overcast clouds
629,Litovko,RU,49.2361,135.1742,34.83,85,100,4.54,overcast clouds
630,Acajutla,SV,13.5928,-89.8275,85.75,63,100,8.03,overcast clouds
631,Vila,PT,42.0304,-8.1588,48.7,76,1,5.03,clear sky
632,Goryachegorsk,RU,55.4053,88.9154,41.9,93,91,4.92,overcast clouds
633,Cairns,AU,-16.9167,145.7667,81.07,81,40,8.05,scattered clouds
634,Jacareacanga,BR,-6.2222,-57.7528,73.54,98,82,1.52,broken clouds
635,Sam Chuk,TH,14.7576,100.0899,77.65,75,74,2.93,broken clouds
636,Abalak,RU,58.1286,68.5944,29.61,82,83,3.31,broken clouds
637,Acari,PE,-15.4311,-74.6158,69.12,76,14,5.68,few clouds
638,Paamiut,GL,61.994,-49.6678,26.38,81,99,1.43,overcast clouds
639,Nizhnyaya Tavda,RU,57.6731,66.1725,31.3,80,91,3.96,overcast clouds
640,Macae,BR,-22.3708,-41.7869,67.75,83,0,1.14,clear sky
641,Sakaiminato,JP,35.55,133.2333,49.98,76,75,4.61,broken clouds
642,Atyrau,KZ,47.1167,51.8833,46.42,81,0,4.47,clear sky
643,Dubovskoye,RU,47.4092,42.7575,52.81,60,100,10.13,overcast clouds
644,Bawku,GH,11.0616,-0.2417,92.64,13,100,7.67,overcast clouds
645,Westport,US,41.1415,-73.3579,48.2,40,40,13.8,scattered clouds
646,Seybaplaya,MX,19.65,-90.6667,83.66,69,0,16.93,clear sky
647,Tombouctou,ML,20.0,-3.0,74.84,23,0,10.25,clear sky
648,Nelson Bay,AU,-32.7167,152.15,69.1,83,27,4.99,scattered clouds
649,Niquero,CU,20.0431,-77.5828,79.0,73,24,10.65,few clouds
650,Smithers,CA,54.7804,-127.1743,50.32,18,40,2.3,scattered clouds
651,Nanchong,CN,30.7951,106.0847,52.7,94,94,4.03,overcast clouds
652,Moryakovskiy Zaton,RU,56.6956,84.6467,38.28,83,70,6.29,broken clouds
653,Dawei,MM,14.0833,98.2,76.35,90,12,2.77,few clouds
654,Zvishavane,ZW,-20.3267,30.0665,59.67,97,100,3.67,overcast clouds
655,Bara,NG,10.3744,10.7288,85.5,51,94,4.68,overcast clouds
656,Teknaf,BD,20.8624,92.3058,78.28,90,68,1.07,broken clouds
657,Huarmey,PE,-10.0681,-78.1522,68.7,80,1,11.45,clear sky
658,Peleduy,RU,59.6289,112.7406,40.15,97,99,9.22,light rain
659,Maihar,IN,24.2667,80.75,84.09,14,4,2.75,clear sky
660,Tel Aviv-Yafo,IL,32.0805,34.7805,89.78,12,0,11.5,clear sky
661,Caxito,AO,-8.5785,13.6643,75.24,98,100,2.86,light rain
662,Eydhafushi,MV,5.1033,73.0708,83.46,75,100,8.93,overcast clouds
663,Hoquiam,US,46.9809,-123.8893,58.44,47,20,9.22,few clouds
664,Huntington,US,38.4193,-82.4452,55.31,39,0,10.36,clear sky
665,Zheleznogorsk-Ilimskiy,RU,56.5768,104.1217,40.66,96,100,6.22,overcast clouds
666,Mosetse,BW,-20.75,26.65,62.69,86,81,11.99,broken clouds
667,Soc Trang,VN,9.6033,105.98,80.22,81,65,7.58,broken clouds
668,Acatic,MX,20.7833,-102.8833,93.76,7,96,8.01,overcast clouds
669,Vila Velha,BR,-20.3297,-40.2925,75.15,81,75,10.36,broken clouds
670,Champerico,GT,14.3,-91.9167,90.14,65,76,12.15,broken clouds
671,Iranshahr,IR,27.2025,60.6848,78.12,32,14,2.01,few clouds
672,Phan Thiet,VN,10.9333,108.1,77.49,86,55,8.9,broken clouds
673,Leopold,AU,-38.1833,144.4667,60.64,96,100,8.05,light intensity shower rain
674,Raga,SS,8.4596,25.678,81.0,44,40,4.12,scattered clouds
675,Collie,AU,-33.3667,116.15,46.62,83,11,1.86,few clouds
676,Fuerte Olimpo,PY,-21.0415,-57.8738,72.1,55,49,5.59,scattered clouds
677,Santa Rosalia,MX,27.3167,-112.2833,81.81,25,99,8.95,overcast clouds
678,Chinsali,ZM,-10.5414,32.0816,62.02,98,28,5.82,scattered clouds
679,Bijar,IR,35.8668,47.6051,41.05,51,0,2.3,clear sky
680,Maku,IR,39.2911,44.4521,49.42,49,60,3.18,broken clouds
681,Eureka,US,40.8021,-124.1637,60.21,57,100,4.0,overcast clouds
682,Lakatoro,VU,-16.0999,167.4164,84.2,71,71,3.94,broken clouds
683,Ruteng,ID,-8.6136,120.4721,64.4,92,95,1.59,overcast clouds
684,Charters Towers,AU,-20.1,146.2667,74.57,62,0,11.99,clear sky
685,Inhambane,MZ,-23.865,35.3833,72.21,91,96,5.17,moderate rain
686,Hualmay,PE,-11.0964,-77.6139,67.19,83,6,12.03,clear sky
687,Hambantota,LK,6.1241,81.1185,79.38,85,87,8.9,overcast clouds
688,Porto Nacional,BR,-10.7081,-48.4172,78.8,89,98,1.05,overcast clouds
689,Yuncheng,CN,35.0231,110.9928,48.63,64,5,5.5,clear sky
690,Chadiza,ZM,-14.0678,32.4392,62.87,99,22,3.71,few clouds
691,Vuktyl,RU,63.8567,57.3094,24.85,96,71,6.06,broken clouds
692,Brookings,US,44.3114,-96.7984,40.08,83,100,15.88,overcast clouds
693,Mucurapo,TT,10.6667,-61.5333,79.97,78,99,10.71,overcast clouds
694,Miraflores,MX,19.2167,-98.8083,86.65,13,47,6.29,scattered clouds
695,Gazanjyk,TM,39.2446,55.5154,53.91,83,75,6.98,broken clouds
696,Marienburg,PL,54.0359,19.0266,33.89,77,36,3.65,scattered clouds
697,Yei,SS,4.095,30.6779,71.11,69,61,3.27,broken clouds
698,Puerto Carreno,CO,6.189,-67.4859,85.98,66,75,1.14,broken clouds
699,Bondo,CD,3.8146,23.6866,69.76,93,91,0.6,light rain
700,Yeniseysk,RU,58.4497,92.1703,36.73,85,98,10.02,overcast clouds
701,Adelaide,AU,-34.9333,138.6,63.41,76,75,9.22,broken clouds
702,Sao Jose Da Coroa Grande,BR,-8.8978,-35.1478,78.55,83,43,8.43,scattered clouds
703,Akdepe,TM,42.0551,59.3788,53.69,52,100,9.48,overcast clouds
704,Puerto Plata,DO,19.7934,-70.6884,78.64,83,75,11.5,broken clouds
705,Ocala,US,29.1872,-82.1401,80.94,72,100,1.99,overcast clouds
706,Vangaindrano,MG,-23.35,47.6,73.24,87,63,2.39,light rain
707,Olga,RU,43.7444,135.2892,47.93,49,78,7.07,broken clouds
708,Darnah,LY,32.767,22.6367,60.42,71,0,7.54,clear sky
709,Gorontalo,ID,0.5412,123.0595,77.25,83,91,2.91,overcast clouds
710,Udachnyy,RU,66.4167,112.4,32.45,92,100,19.42,snow
711,Lillooet,CA,50.6856,-121.942,52.02,33,87,6.11,overcast clouds
712,Gutad,PH,14.9274,120.4894,81.97,74,17,8.5,few clouds
713,Anadyr,RU,64.75,177.4833,32.5,86,75,26.84,light snow
714,Laiyang,CN,36.9758,120.7136,55.99,43,100,2.93,overcast clouds
715,Dodoma,TZ,-6.1722,35.7395,64.31,95,99,5.19,overcast clouds
716,Los Llanos De Aridane,ES,28.6585,-17.9182,67.75,56,40,12.66,scattered clouds
717,Zunyi,CN,27.6867,106.9072,47.93,94,100,3.42,overcast clouds
718,Gombong,ID,-7.6072,109.5142,77.59,91,93,2.48,overcast clouds
719,Proletarsk,RU,46.7031,41.7192,52.63,71,97,11.01,overcast clouds
720,Iralaya,HN,15.0,-83.2333,81.32,71,2,9.78,clear sky
721,San Isidro,PE,-12.1167,-77.05,63.5,27,75,6.91,broken clouds
722,Porto Novo,BJ,6.4965,2.6036,84.02,83,100,9.55,moderate rain
723,Labuhan,ID,-6.8844,112.2051,79.65,87,49,3.69,scattered clouds
724,Vardo,NO,70.3705,31.1107,39.69,92,100,11.59,overcast clouds
725,Dehloran,IR,32.6941,47.2679,73.08,19,0,10.65,clear sky
726,Soyo,AO,-6.1349,12.3689,78.49,92,85,7.54,overcast clouds
727,Durango,MX,24.8333,-104.8333,86.47,6,53,15.01,broken clouds
728,Talakan,RU,50.3167,130.3667,33.64,77,34,1.5,scattered clouds
729,Sabang,ID,5.8933,95.3214,82.56,72,87,5.1,overcast clouds
730,Inuvik,CA,68.3499,-133.7218,25.66,33,40,12.66,scattered clouds
731,Gorin,RU,51.1983,136.6669,30.88,87,99,2.95,overcast clouds
732,Ushtobe,KZ,45.2514,77.9838,60.76,24,67,7.45,broken clouds
733,Klyuchi,RU,52.2667,79.1667,52.99,61,100,7.16,overcast clouds
734,Christchurch,NZ,-43.5333,172.6333,61.92,64,20,19.57,few clouds
735,Seidu,SL,9.0167,-10.6,75.27,74,100,6.31,overcast clouds
736,Andapa,MG,-14.65,49.65,65.77,98,35,3.27,scattered clouds
737,Nakonde,ZM,-9.3421,32.745,57.81,98,26,4.99,scattered clouds
738,Goderich,CA,43.7501,-81.7165,36.91,64,17,11.5,few clouds
739,Zhanaozen,KZ,43.3,52.8,54.72,55,0,7.34,clear sky
740,Rocha,UY,-34.4833,-54.3333,58.93,87,100,5.57,overcast clouds
741,Chabahar,IR,25.2919,60.643,81.36,73,0,7.83,clear sky
742,Walvis Bay,NA,-22.9575,14.5053,63.86,70,5,5.1,clear sky
743,Viseu,PT,40.661,-7.9097,53.73,90,46,1.25,scattered clouds
744,Waingapu,ID,-9.6567,120.2641,80.17,85,95,4.36,overcast clouds
745,Caconda,AO,-13.7333,15.0667,60.01,96,100,3.51,overcast clouds
746,Logansport,US,40.7545,-86.3567,47.62,46,96,11.16,overcast clouds
747,Lac Du Bonnet,CA,50.2536,-96.0612,30.11,94,100,5.68,light snow
748,Zaysan,KZ,47.4667,84.8667,50.97,16,15,6.69,few clouds
749,Zakamensk,RU,50.3741,103.2863,34.3,66,64,3.96,broken clouds
750,Iglesias,IT,39.3114,8.535,49.78,52,10,3.94,clear sky
751,Rubtsovsk,RU,51.5,81.25,50.52,45,100,5.99,overcast clouds
752,Tucumcari,US,35.1717,-103.725,86.94,6,0,13.8,clear sky
753,Yelahanka,IN,13.1075,77.6003,69.89,94,40,9.22,scattered clouds
754,Palmerston,AU,-12.486,130.9833,84.88,83,20,4.61,few clouds
755,Matara,LK,5.9485,80.5353,78.91,85,98,5.32,overcast clouds
756,Abakaliki,NG,6.3163,8.1169,80.47,80,100,11.1,light rain
757,Arawa,PG,-6.2132,155.5367,83.17,75,80,3.58,light rain
758,Mana,GF,5.6592,-53.7767,77.18,87,33,10.31,scattered clouds
759,Nuuk,GL,64.1835,-51.7216,23.88,85,100,4.0,overcast clouds
760,Shieli,KZ,44.1667,66.75,65.28,45,100,13.65,overcast clouds
761,Awjilah,LY,29.1081,21.2869,62.78,72,91,15.55,overcast clouds
762,Manokwari,ID,-0.8667,134.0833,81.63,70,96,2.26,overcast clouds
763,Santa Cruz Cabralia,BR,-16.2781,-39.0247,75.43,83,75,2.3,broken clouds
764,Kutahya,TR,39.4242,29.9833,50.58,54,52,0.31,broken clouds
765,Takoradi,GH,4.8845,-1.7554,79.25,85,99,10.27,overcast clouds
766,Kuusamo,FI,65.9667,29.1833,35.64,80,100,2.3,overcast clouds
767,Marabba,SD,12.35,32.1833,94.96,29,94,6.69,overcast clouds
768,Newport,GB,51.5877,-2.9984,51.35,85,75,10.58,broken clouds
769,Nhulunbuy,AU,-12.2333,136.7667,77.61,94,100,6.91,moderate rain
770,Matadi,CD,-5.8167,13.45,78.13,95,100,3.76,overcast clouds
771,Kayseri,TR,38.737,35.4968,64.42,14,75,14.97,broken clouds
772,Minnedosa,CA,50.2453,-99.8436,21.76,93,100,7.09,light snow
773,Ust-Omchug,RU,61.15,149.6333,12.72,87,100,1.79,overcast clouds
774,Glarus,CH,47.0406,9.068,45.27,69,20,2.48,few clouds
775,Bagdarin,RU,54.4333,113.6,41.4,80,100,8.41,overcast clouds
776,Bella Vista,US,36.4295,-94.2316,53.47,80,100,6.91,overcast clouds
777,Ellisras,ZA,-23.6649,27.7443,62.19,84,100,5.46,overcast clouds
778,Seydisehir,TR,37.4193,31.8453,59.54,33,79,16.82,broken clouds
779,Hinesville,US,31.8469,-81.5959,82.58,51,40,17.27,scattered clouds
780,Sinjar,IQ,36.3209,41.8754,61.61,30,91,3.06,overcast clouds
781,Saravan,AM,39.7196,45.6483,39.02,64,35,6.93,scattered clouds
782,Saquarema,BR,-22.92,-42.5103,72.16,67,28,6.87,scattered clouds
783,Phalombe,MW,-15.8064,35.6507,65.68,97,34,3.89,scattered clouds
784,Kafue,ZM,-15.7691,28.1814,62.85,89,6,3.58,clear sky
785,Bugene,TZ,-1.5911,31.1403,59.72,95,88,3.29,overcast clouds
786,Bullhead City,US,35.1478,-114.5683,93.85,7,0,11.5,clear sky
787,Richards Bay,ZA,-28.783,32.0377,62.67,91,100,4.25,overcast clouds
788,Suntar,RU,62.1444,117.6319,38.77,88,96,10.07,overcast clouds
789,Severo-Yeniseyskiy,RU,60.3725,93.0408,22.42,91,99,10.22,overcast clouds
790,Darab,IR,28.7519,54.5444,60.15,14,0,5.39,clear sky
791,Kedgwick,CA,47.6446,-67.3434,33.89,81,99,8.25,overcast clouds
792,Union,US,40.6334,-74.2663,49.26,35,0,12.66,clear sky
793,Dali,CN,25.7,100.1833,53.31,73,53,3.09,broken clouds
794,Anito,PH,12.4497,125.2886,79.88,75,80,8.43,broken clouds
795,Hargeysa,SO,9.56,44.065,71.2,60,69,5.97,broken clouds
796,Egvekinot,RU,66.3167,-179.1667,24.73,93,99,12.48,snow
797,Chokwe,MZ,-24.5333,32.9833,64.36,97,100,8.75,light rain
798,Lima,PE,-12.0432,-77.0282,62.38,27,75,6.91,broken clouds
799,Inongo,CD,-1.95,18.2667,73.02,96,100,1.28,moderate rain
800,Mujiayingzi,CN,42.1167,118.7833,46.02,43,0,3.6,clear sky
801,Rawah,IQ,34.4816,41.9093,68.59,18,90,4.21,overcast clouds
802,Skjervoy,NO,70.0311,20.9714,39.2,90,100,8.84,overcast clouds
803,Zaragoza,ES,41.6561,-0.8773,62.02,60,0,21.85,clear sky
804,Margate,GB,51.3813,1.3862,52.7,72,100,3.0,overcast clouds
805,Buala,SB,-8.145,159.5921,83.34,75,94,7.87,light rain
806,Buchen,DE,49.5239,9.3231,44.31,48,21,4.85,few clouds
807,Ingham,US,42.6,-84.3833,44.64,42,0,3.44,clear sky
808,Carbonia,IT,39.1672,8.5222,51.01,52,6,4.43,clear sky
809,Vanavara,RU,60.34,102.2797,35.44,80,88,11.07,overcast clouds
810,Flin Flon,CA,54.7682,-101.865,33.64,27,75,4.61,broken clouds
811,Rio Claro,BR,-22.4114,-47.5614,60.89,82,0,6.89,clear sky
812,Talcahuano,CL,-36.7167,-73.1167,51.48,100,40,3.44,mist
813,Rudersdorf,AT,47.0404,16.1373,42.31,63,13,5.75,few clouds
814,Pierre,US,44.3683,-100.351,45.52,42,0,36.82,clear sky
815,Yueyang,CN,29.3333,113.0919,51.49,90,100,3.24,overcast clouds
816,Marfino,RU,55.7028,37.3822,34.05,55,0,8.95,clear sky
817,Tongchuan,CN,35.0806,109.0897,46.9,43,71,10.74,broken clouds
818,Half Moon Bay,US,37.4636,-122.4286,66.9,60,0,23.02,clear sky
819,Isla Mujeres,MX,21.2311,-86.731,82.45,71,0,10.09,clear sky
820,Nara,JP,34.6851,135.8049,62.49,56,97,3.69,overcast clouds
821,Agadir,MA,30.4202,-9.5982,70.25,39,100,2.01,overcast clouds
822,Puerto Lleras,CO,3.0223,-73.4044,72.5,96,89,1.41,overcast clouds
823,Dandong,CN,40.1292,124.3947,51.31,61,100,2.48,overcast clouds
824,Wentzville,US,38.8114,-90.8529,44.02,90,100,3.0,moderate rain
825,Kuching,MY,1.55,110.3333,77.22,94,40,2.3,scattered clouds
826,Wajir,KE,1.7471,40.0573,82.15,66,97,13.8,light rain
827,Port Augusta,AU,-32.5,137.7667,65.95,70,100,16.4,overcast clouds
828,Illapel,CL,-31.6308,-71.1653,64.94,62,3,1.95,clear sky
829,San Carlos De Bariloche,AR,-41.1456,-71.3082,55.15,62,75,3.44,broken clouds
830,Dukat,RU,62.55,155.55,17.73,84,97,2.1,overcast clouds
831,Srandakan,ID,-7.9386,110.2506,77.02,89,100,4.52,overcast clouds
832,Oron,NG,4.8256,8.2343,79.86,86,99,2.91,overcast clouds
833,High Rock,BS,26.6208,-78.2833,80.62,73,19,10.96,few clouds
834,Selma,US,36.5708,-119.6121,79.21,36,11,7.38,few clouds
835,Male,MV,4.1748,73.5089,83.77,72,97,11.65,overcast clouds
836,Ojinaga,MX,29.5667,-104.4167,95.58,10,0,13.8,clear sky
837,Kalevala,RU,65.2,31.1667,34.99,98,100,2.19,overcast clouds
838,Tshane,BW,-24.0196,21.8684,63.28,85,20,7.05,light rain
839,Salihorsk,BY,52.7876,27.5415,34.27,72,95,7.81,overcast clouds
840,Kieta,PG,-6.2167,155.6333,82.47,75,87,3.02,light rain
841,Puerto Narino,CO,-3.7703,-70.3831,75.49,96,88,2.1,overcast clouds
842,Kralendijk,BQ,12.15,-68.2667,80.58,78,40,16.11,scattered clouds
843,Apricena,IT,41.7839,15.4437,49.82,60,65,11.05,broken clouds
844,Amahai,ID,-3.3333,128.9167,80.89,77,98,3.38,overcast clouds
845,Bourail,NC,-21.5667,165.4833,78.67,64,85,2.01,overcast clouds
846,Timaru,NZ,-44.4,171.25,61.07,88,0,3.0,clear sky
847,Grand Gaube,MU,-20.0064,57.6608,77.4,91,30,3.0,scattered clouds
848,Mayor Pablo Lagerenza,PY,-19.9309,-60.7718,69.22,46,86,3.71,overcast clouds
849,Cabedelo,BR,-6.9811,-34.8339,79.47,77,83,9.04,broken clouds
850,Djibo,BF,14.1022,-1.6306,81.81,13,93,9.71,overcast clouds
851,Ust-Kulom,RU,61.6864,53.6902,26.37,93,88,4.45,overcast clouds
852,Muriti,TZ,-1.9833,32.9167,71.78,75,72,6.85,moderate rain
853,Labuan,MY,5.2767,115.2417,82.76,89,20,2.3,few clouds
854,Sobolevo,RU,54.4299,31.8996,32.58,85,96,11.52,snow
855,Veraval,IN,20.9,70.3667,79.09,73,0,11.63,clear sky
856,Alcudia,ES,39.8532,3.1214,58.37,65,14,8.28,few clouds
857,Erdenet,MN,49.0333,104.0833,37.58,51,22,5.93,few clouds
858,Mitsamiouli,KM,-11.3847,43.2844,81.3,72,5,7.14,clear sky
859,Alofi,NU,-19.0595,-169.9187,85.89,70,85,9.22,overcast clouds
860,Ahipara,NZ,-35.1667,173.1667,70.43,88,97,13.71,light rain
861,Bangassou,CF,4.7413,22.8184,68.92,97,40,2.71,light rain
862,Polunochnoye,RU,60.8697,60.4153,17.89,93,10,3.74,clear sky
863,Port Keats,AU,-14.25,129.55,81.5,75,18,3.27,few clouds
864,Sao Felix Do Xingu,BR,-6.6447,-51.995,73.51,97,93,0.87,overcast clouds
865,Komsomolskiy,UZ,40.4272,71.7189,63.32,34,33,9.22,scattered clouds
866,Koumac,NC,-20.5667,164.2833,78.76,64,97,1.16,overcast clouds
867,Baturite,BR,-4.3286,-38.8847,73.76,95,87,2.71,overcast clouds
868,Luau,AO,-10.7073,22.2247,64.27,97,100,3.87,light rain
869,Carutapera,BR,-1.195,-46.02,76.66,89,98,5.28,overcast clouds
870,Zile,TR,40.3031,35.8864,60.39,45,100,5.99,light rain
871,Timizart,DZ,36.8,4.2667,52.45,81,0,4.12,clear sky
872,Northam,GB,51.0333,-4.2167,49.39,91,13,12.86,few clouds
873,Bereda,ES,43.2686,-7.5406,51.42,93,27,4.27,scattered clouds
874,Burgeo,CA,47.6167,-57.6152,38.21,97,100,20.38,overcast clouds
875,Gondar,ET,12.6,37.4667,64.74,61,78,4.74,broken clouds
876,Jaguaribe,BR,-5.8906,-38.6219,79.03,78,85,7.45,overcast clouds
877,Mombetsu,JP,44.3525,143.3525,44.94,55,95,1.99,overcast clouds
878,Junction City,US,39.0286,-96.8314,48.06,63,20,10.36,few clouds
879,Diego De Almagro,CL,-26.3667,-70.05,62.44,44,0,3.09,clear sky
880,Port-Gentil,GA,-0.7193,8.7815,80.56,94,40,3.44,scattered clouds
881,Qaqortoq,GL,60.7167,-46.0333,27.25,90,79,3.8,broken clouds
882,Ongandjera,NA,-17.8833,15.0667,76.71,54,74,7.16,broken clouds
883,Ajdabiya,LY,30.7554,20.2263,61.03,81,23,15.79,few clouds
884,Santa Lucia,ES,27.9117,-15.5407,70.92,31,70,12.66,broken clouds
885,San Jose,US,37.3394,-121.895,70.88,49,20,18.41,few clouds
886,Poum,NC,-20.2333,164.0167,76.19,74,92,1.5,overcast clouds
887,Forrest City,US,35.0081,-90.7898,54.12,93,100,9.71,overcast clouds
888,Ulaanbaatar,MN,47.9077,106.8832,23.13,80,0,2.24,clear sky
889,Maridi,SS,4.9158,29.4742,74.48,62,87,2.55,overcast clouds
890,Usolye-Sibirskoye,RU,52.7519,103.6453,43.56,73,62,2.86,broken clouds
891,Meadow Lake,US,34.8014,-106.5436,78.85,6,0,12.88,clear sky
892,Kabarnet,KE,0.4919,35.743,57.76,87,100,1.45,overcast clouds
893,Visnes,NO,59.3556,5.2242,45.21,75,78,12.66,broken clouds
894,Santo Domingo,DO,18.5001,-69.9886,76.68,94,100,11.5,overcast clouds
895,Knysna,ZA,-34.0363,23.0471,58.28,80,5,4.03,clear sky
896,Kilindoni,TZ,-7.9139,39.6668,81.32,80,65,15.1,light rain
897,Pacific Grove,US,36.6177,-121.9166,69.39,69,0,11.5,clear sky
898,Luwuk,ID,-0.9516,122.7875,79.72,75,75,1.77,broken clouds
899,Varnavino,RU,57.4035,45.0916,26.87,92,25,4.85,scattered clouds
900,Lagunas,PE,-5.2269,-75.6753,76.15,94,65,2.01,broken clouds
901,Ygatimi,PY,-24.0833,-55.5,65.12,75,56,3.31,broken clouds
902,Tepalcatepec,MX,19.1833,-102.85,105.19,12,100,4.5,overcast clouds
903,Shepsi,RU,44.0361,39.1489,57.29,67,85,10.71,overcast clouds
904,Telde,ES,27.9924,-15.4192,77.22,31,62,12.66,broken clouds
905,Krasnogorsk,RU,55.8225,37.3181,34.14,55,0,11.18,clear sky
906,Aripuana,BR,-9.1667,-60.6333,73.89,98,100,2.21,overcast clouds
907,Liepaja,LV,56.5419,21.0367,33.78,64,0,4.61,clear sky
908,Qujing,CN,25.4833,103.7833,47.62,84,100,8.86,overcast clouds
909,Ozernovskiy,RU,51.5,156.5167,31.23,70,100,5.77,overcast clouds
910,Show Low,US,34.2542,-110.0298,76.66,6,0,1.01,clear sky
911,Kindu,CD,-2.95,25.95,70.81,97,72,1.19,broken clouds
912,Russell,US,32.3502,-85.1999,66.96,93,0,0.0,light rain
913,Kitgum,UG,3.2783,32.8867,69.44,72,67,3.62,broken clouds
914,Ossora,RU,59.2353,163.0719,28.02,75,26,2.46,scattered clouds
915,Terney,RU,45.0503,136.6092,44.04,50,98,4.94,overcast clouds
916,Garden City,US,42.3256,-83.331,43.48,49,20,13.8,few clouds
917,Shingu,JP,33.7333,135.9833,61.34,83,100,6.71,overcast clouds
918,Villarrubia De Los Ojos,ES,39.2209,-3.608,65.98,45,99,3.33,overcast clouds
919,Coruripe,BR,-10.1256,-36.1756,80.53,77,12,12.46,light rain
920,Rodrigues Alves,BR,-7.738,-72.6509,79.0,87,72,2.91,broken clouds
921,Lorengau,PG,-2.0226,147.2712,82.76,80,55,7.18,broken clouds
922,Neya,RU,58.2972,43.8681,26.15,87,7,0.89,clear sky
923,Vanimo,PG,-2.6741,141.3028,80.67,86,88,2.95,overcast clouds
924,Ostersund,SE,63.1792,14.6357,41.45,56,95,8.05,overcast clouds
925,Tocopilla,CL,-22.092,-70.1979,63.79,80,20,5.55,few clouds
926,Creston,US,41.0586,-94.3614,33.33,100,40,9.22,mist
927,Kumphawapi,TH,17.1087,103.0149,78.82,99,100,3.62,overcast clouds
928,Tam Ky,VN,15.5667,108.4833,71.31,92,96,3.98,overcast clouds
929,Aksha,RU,50.2814,113.2867,42.94,57,29,4.92,scattered clouds
930,Imbituba,BR,-28.24,-48.6703,65.68,71,22,3.06,few clouds
931,Smirnykh,RU,49.75,142.8333,32.09,87,82,3.4,broken clouds
932,Ati,TD,13.2154,18.3353,89.62,35,57,7.23,broken clouds
933,Scarborough,GB,54.2797,-0.4044,52.65,69,99,11.01,overcast clouds
934,Kota Kinabalu,MY,5.9749,116.0724,78.78,83,20,4.61,few clouds
935,Wuxi,CN,31.5689,120.2886,57.94,69,100,3.67,overcast clouds
936,Bennettsville,US,34.6174,-79.6848,78.98,53,100,8.05,overcast clouds
937,Majene,ID,-3.5403,118.9707,78.69,86,100,3.71,overcast clouds
938,Ende,ID,-8.8432,121.6623,79.11,86,99,4.18,overcast clouds
939,Susanville,US,40.4163,-120.653,62.91,23,50,8.99,scattered clouds
940,Okahandja,NA,-21.9833,16.9167,64.87,34,48,5.06,scattered clouds
941,Poronaysk,RU,49.2167,143.1167,31.6,91,72,6.13,broken clouds
942,Nordhausen,DE,51.5167,10.8,44.31,69,18,2.08,few clouds
943,Araouane,ML,18.9048,-3.5265,75.65,22,0,9.26,clear sky
944,Borogontsy,RU,62.6683,131.1683,27.21,77,41,9.48,scattered clouds
945,Suicheng,CN,33.8963,117.9331,53.49,66,99,4.97,overcast clouds
946,Moron,AR,-34.6534,-58.6198,66.0,81,100,7.27,overcast clouds
947,Barcelona,ES,41.3888,2.159,60.6,71,0,4.61,clear sky
948,Piuma,BR,-20.8378,-40.7219,71.17,82,25,7.7,scattered clouds
949,Osypenko,UA,46.9136,36.8253,50.7,67,100,8.08,overcast clouds
950,Kaniama,CD,-7.5667,24.1833,67.57,93,100,3.94,overcast clouds
951,Garcia,MX,25.8167,-100.5833,96.17,28,28,11.41,scattered clouds
952,Budacu De Jos,RO,47.0833,24.5167,30.79,74,28,5.14,scattered clouds
953,Balikpapan,ID,-1.2675,116.8289,77.99,94,20,2.3,few clouds
954,Dobryatino,RU,55.5055,41.3195,28.38,94,35,6.85,scattered clouds
955,Wajima,JP,37.4,136.9,57.88,35,0,2.3,clear sky
956,Horta,PT,38.5333,-28.6333,57.27,70,40,17.45,scattered clouds
957,Merauke,ID,-8.4667,140.3333,80.06,83,91,4.52,moderate rain
958,Viking,CA,53.1001,-111.7684,36.48,49,100,6.69,overcast clouds
959,Makakilo City,US,21.3469,-158.0858,79.12,63,100,12.66,overcast clouds
960,Tautira,PF,-17.7333,-149.15,81.3,72,22,12.75,few clouds
961,Dauriya,RU,49.9333,116.8667,42.31,59,99,11.41,overcast clouds
962,Bambanglipuro,ID,-7.95,110.2833,76.86,89,100,4.61,overcast clouds
963,Ambulu,ID,-8.345,113.6058,77.04,89,98,2.8,overcast clouds
964,Mailsi,PK,29.8003,72.1758,86.07,15,83,5.1,broken clouds
965,Weligama,LK,5.9667,80.4167,79.39,84,99,5.1,overcast clouds
966,Aden,YE,12.7794,45.0367,82.24,77,36,5.44,scattered clouds
967,Harper,LR,4.375,-7.7169,77.18,85,100,0.18,overcast clouds
968,Xiaoweizhai,CN,26.1903,107.5125,48.07,96,100,3.2,overcast clouds
969,Baracoa,CU,20.3467,-74.4958,78.75,74,95,3.74,overcast clouds
970,Elat,IL,29.5581,34.9482,75.04,23,0,0.0,clear sky
971,Albert Lea,US,43.648,-93.3683,38.32,93,100,0.0,light snow
972,Timra,SE,62.487,17.3257,31.68,93,100,1.14,overcast clouds
973,Jatibonico,CU,21.9419,-79.17,74.21,81,88,1.34,light rain
974,Gamba,GA,-2.65,10.0,77.52,91,100,3.8,overcast clouds
975,Ordzhonikidze,KZ,52.4411,61.7408,44.82,66,100,5.66,overcast clouds
976,Kununurra,AU,-15.7667,128.7333,78.78,89,28,3.44,scattered clouds
977,Dong Hoi,VN,17.4833,106.6,73.58,94,90,7.16,overcast clouds
978,Neiafu,TO,-18.65,-173.9833,84.88,79,40,8.05,scattered clouds
979,Fallon,US,39.4735,-118.7774,71.92,8,20,3.44,few clouds
980,Talara,PE,-4.5772,-81.2719,74.16,68,0,16.11,clear sky
981,Banon,ES,40.8382,-1.1909,54.66,67,0,4.61,clear sky
982,Moyale,KE,3.5167,39.0584,72.27,64,100,0.45,light rain
983,Laguna De Perlas,NI,12.3429,-83.6712,84.29,75,59,12.06,broken clouds
984,Sechura,PE,-5.5569,-80.8222,73.63,64,10,17.18,clear sky
985,Wolfurt,AT,47.4667,9.75,43.14,68,1,2.3,clear sky
986,Zhucheng,CN,35.9947,119.3975,57.11,41,100,4.34,overcast clouds
987,Pravia,ES,43.4906,-6.1508,53.22,87,100,1.14,overcast clouds
988,La Romana,DO,18.4273,-68.9728,79.16,83,75,13.8,broken clouds
989,Letham,GB,56.6167,-2.7667,52.12,96,95,6.26,overcast clouds
990,De Aar,ZA,-30.6497,24.0123,59.4,54,2,4.32,clear sky
991,Padilla,CO,3.2204,-76.3139,76.57,97,100,1.92,heavy intensity rain
992,Matamoros,MX,25.5333,-103.25,96.91,6,40,10.36,scattered clouds
993,Ngunguru,NZ,-35.6167,174.5,66.36,93,100,25.66,light rain
994,Salym,RU,60.0625,71.4789,25.0,97,70,4.5,broken clouds
995,Wonthaggi,AU,-38.6044,145.5913,59.83,92,100,5.86,moderate rain
996,Kolokani,ML,13.5728,-8.0339,86.13,14,11,9.4,few clouds
997,Waipawa,NZ,-41.4122,175.5153,58.24,64,68,13.89,broken clouds
998,Santa Cruz De Tenerife,ES,28.4682,-16.2546,78.62,33,75,6.91,haze
999,Okakarara,NA,-20.5833,17.4333,69.31,61,79,1.32,broken clouds
1000,La Ronge,CA,55.1001,-105.2842,37.65,35,75,4.61,broken clouds
1001,Bredy,RU,52.4153,60.3411,44.01,72,75,4.18,broken clouds
1002,Aksarayskiy,RU,46.7924,48.0119,52.56,67,96,7.36,overcast clouds
1003,Kangaatsiaq,GL,68.3065,-53.4641,6.28,95,97,6.11,overcast clouds
1004,Kabalo,CD,-6.05,26.9167,69.91,95,60,3.71,broken clouds
1005,Casper,US,42.8666,-106.3131,45.72,41,75,14.97,broken clouds
1006,Radom,PL,51.4025,21.1471,41.11,70,88,3.33,overcast clouds
1007,Oum Hadjer,TD,13.2954,19.6966,92.46,30,89,7.14,overcast clouds
1008,La Plata,AR,-34.9215,-57.9545,65.03,73,100,9.82,overcast clouds
1009,Sagvag,NO,59.7786,5.3961,44.44,78,91,4.92,overcast clouds
1010,Kargil,IN,34.5667,76.1,31.08,52,6,4.07,clear sky
1011,Tongzi,CN,28.7829,105.0877,51.48,94,99,3.04,overcast clouds
1012,Lasem,ID,-6.6922,111.4527,78.64,88,65,3.13,broken clouds
